event_link,event_link-href,event_title,event_start,event_end,event_image-src,event_text,event_venue__MuDA,event_organizer__MuDA,event_category__MuDA__Zeitgenössische Kunst__Digitale Kunst__Austellung,event_cost__10,event_id
"null","","","","","","","","","","",""
"","http://muda.co/kids","Kids","Upcoming","Upcoming","http://muda.co/kids/img/kids_hero.jpg","Kids ist ein interaktiver Kurzfilm von Michael Frei gezeichnet und von Mario von Rickenbach programmiert.","null","null","null","null","Kids ← MuDA ↵
		
				
		

		
		
		
		
		
		
		
		
		
		
		

	
	
	
		
		
			
			
		
		
		
			Stream
			Stream
		
		
		
			Exhibitions
			Exhibitions
		
		
			Ausstellungen
			Ausstellungen
		
		
			Expositions
			Expositions
		
		
		
			Information
			Information
		
		
			Store
			Store
		
		
			Shop
			Shop
		
		
			Magasin
			Magasin
		
		
		
			Members
			Members
		
		
		
		
		


	



	
		
	




	
		
		
			
				
					Kids
				
				
					Upcoming
				
				
					Bevorstehend
				
				
					À venir
				
			
		
		
		
			
				
			
		
		
		
		
			
				
					Kids is a short interactive animation film drawn by Michael Frei and coded by Mario von Rickenbach.
				
				
					Kids ist ein interaktiver Kurzfilm von Michael Frei gezeichnet und von Mario von Rickenbach programmiert.
				
				
					Kids est court-métrage d'animation interactif dessiné par Michael Frei et programmé par Mario von Rickenbach.
				
			
		
		
		
		
		
		
		
		
			
				
					
					
					
				
			
		
	
	




	

		

			
				
					
						Museum of Digital Art

						Pfingstweid St 101

						CH-8005 Zurich

						Switzerland
					
						Tuesday to Sunday: 11 – 19

						Monday: Closed
					
						zurich@muda.co

						+41 44 456 40 50
					
					
						Museum of Digital Art

						Pfingstweidstrasse 101

						8005 Zürich, Schweiz
					
						Dienstag bis Sonntag: 11 – 19 Uhr

						Montags: Geschlossen
					
						zurich@muda.co

						+41 44 456 40 50
					
					
						Museum of Digital Art

						Pfingstweidstrasse 101

						8005 Zurich

						Suisse
					
						Du mardi au dimanche: 11 – 19

						Lundi: Fermé
					
						zurich@muda.co

						+41 44 456 40 50
					
				
			
		
			
				
					
						Stream
					
					
						Stream
					
					
						Stream
					
					
						News

						Events

						Workshops

						Artworks

						Profiles

					
					
						News

						Events

						Workshops

						Projekte

						Profile

					
					
						Nouvelles

						Evénements

						Workshops

						Oeuvres

						Artistes

					
				
			
		
			
				
					
						Exhibitions
					
					
						Ausstellung
					
					
						Expositions
					
					
						Current

						Upcoming

						Past

						Collection

						 

					
					
						Aktuell

						Bevorstehend

						Archiv

						Kollektion

						 

					
					
						En cours

						À venir

						Archives

						Collection

						 

					
				
			
		
			
				
					
						Information
					
					
						Info
					
					
						Informations
					
					
						Visiting

						About

						Activities

						Partners

						Association

					
					
						Besucherinfos

						Info

						Aktivitäten

						Partner

						Trägschaft

					
					
						Nous visiter

						À propos

						Activités

						Partenaires

						Association

					
				
			
		
			
				
					
						Store
					
					
						Store
					
					
						Boutique
					
					
						Membership

						Apps

						Textiles

						Prints

					
					
						Mitgliedschaft

						Apps

						Textilen

						Drucke

					
					
						Membres

						Applis

						Textiles

						Sérigraphies

					
				
			
		
			
			
			
				
					
						
						
						
						
						
						
					
				
			
			
			
				
					
						
					
					
				
			
		
			

			
				
					
						
							Contact   
							Media   
							Careers   
							Terms
						
						
							Kontakt   
							Medien   
							Stellen   
							AGB
						
						
							Contact   
							Médias   
							Carrière   
							Conditions
						
					
				
			
		
			
				
					
						© Digital Arts Association"
"","http://muda.co/lab212","Lab212","Aug 27, 2016 – Feb 26, 2017","Aug 27, 2016 – Feb 26, 2017","http://muda.co/lab212/img/lab212_hero.jpg","Lab212 ist ein interdisziplinäres Kunstkollektiv, das im Jahr 2008 von einer Gruppe von Freunden in Paris gegründet wurde.","null","null","null","null","Lab212 ← MuDA ↵
		
				
		

		
		
		
		
		
		
		
		
		
		
		

	
	
	
		
		
			
			
		
		
		
			Stream
			Stream
		
		
		
			Exhibitions
			Exhibitions
		
		
			Ausstellungen
			Ausstellungen
		
		
			Expositions
			Expositions
		
		
		
			Information
			Information
		
		
			Store
			Store
		
		
			Shop
			Shop
		
		
			Magasin
			Magasin
		
		
		
			Members
			Members
		
		
		
		
		


	



	
		
	




	
		
		
			
				
					Lab212
				
				
					Aug 27, 2016 – Feb 26, 2017
				
				
					27. Aug 2016 – 26. Feb 2017
				
				
					du 27 août 2016 au 26 février 2017
				
			
		
		
		
		
		
			
				
					Lab212 is an interdisciplinary art collective, founded in 2008 by a group of friends in Paris.
				
				
					Lab212 ist ein interdisziplinäres Kunstkollektiv, das im Jahr 2008 von einer Gruppe von Freunden in Paris gegründet wurde.
				
				
					Fondé à Paris en 2008, Lab212 est un collectif d’artistes interdisciplinaires.
				
			
		
		
		
			
				
			
		
		
		
			
				
					By their sensible, poetic and tangible approach, they try to empower people and cast a different light on the technology surrounding our daily life.
				
				
					Mit ihren sensiblen, poetischen und greifbaren Arbeiten versuchen sie Menschen zu beflügeln und ein anderes Licht auf die Technologie in unserem täglichen Leben zu werfen.
				
				
					Leur approche sensible, poétique et tangible jette un autre éclairage sur la relation que nous entretenons avec les technologies qui font partie de nos quotidiens et, ce faisant, la transforme.
				
			
		
		
		
		


		
			
				
					Starfield
				
				
					Starfield involves a swing, the projection of a starfield in front of it and a Microsoft Kinect. As the visitor rides the swing, the 3D camera tracks the angles of the ropes and from there estimates the visitor’s eye position in three-dimensional space. 
				
				
					Starfield  besteht aus einer Schaukel, einem Microsoft Kinect und der Projektion eines Sternenhimmels. Während die Besucher auf der Schaukel hin- und herschwingen, wird mittels der 3D-Kamera der Winkel der Seile analysiert und sodann die ungefähre Position der Augen berechnet.
				
				
					Starfield est une installation où une balançoire est utilisée pour créer un grand ciel étoilé interactif. À l’aide d’une Microsoft Kinect installée à l’arrière de la balançoire et d'un vidéoprojecteur, le logiciel crée une galaxie d'étoiles dans laquelle l'utilisateur se promène au rythme de son balancement. 
				
				
					Starfield installation
					Mehr über Starfield
					Starfield installation
				
			
		
		
		
			
				
			
		
		
		

		
			
				
			
		
		
		
			
				
					Empreintes
				
				
					Empreintes, by Béatrice Lartigue and Sébastien Courvoisier, takes snapshots of our movements and questions their remnants. Is it possible to make our gestures tangible? How can an imprint of a gesture exist? Through the tracking of their hands in motion, visitors create shapes in space. These traces evolve and alter with the passage of time. Playing with the space between intimate space and collective space, the installation invites visitors to pass through matter, reflect themselves in it and transform it.
				
				
					Empreintes, von Béatrice Lartigue und Sébastien Courvoisier, schiesst Schnappschüsse unserer Bewegungen und hinterfragt ihre Einzelteile. Ist es möglich, unsere Gesten greifbar zu machen? Wie kann ein Abdruck einer Geste existieren? Durch die Verfolgung ihrer Hände in Bewegung, erzeugen die BesucherInnen Formen im Raum. Diese Spuren entwickeln und verändern sich im Laufe der Zeit. Das Spiel zwischen intimem Raum und kollektivem Raum lädt die BesucherInnen ein die Materie zu passieren, sich in ihr zu spiegeln und sie zu verändern.
				
				
					Empreintes, de Béatrice Lartigue et Sébastien Courvoisier, questionne la trace laissée par nos gestes, elle en capture des instantanés. Comment rendre visible nos gestes? Existe-t-il une empreinte du geste? A travers la captation de ses mains en mouvement, le visiteur crée des motifs dans l’espace. Ces traces évoluent et s’altèrent avec le passage du temps. L’installation joue avec l’espace intermédiaire entre espace intime et espace collectif. Elle invite le visiteur à traverser la matière, s’y réfléchir, pour mieux la transformer. 
				
			
		
		
		
			
				
			
		

		
		
		
			
				
			
		
		
		
			
				
					Envol
				
				
					Music as an invitation to a journey. Envol – by Béatrice Lartigue, Sébastien Courvoisier and Louis Warynski – invites the visitor to embody a bird and fly above a boundless dreamscape. Space is shaped along the way, a musical topography emerges. 
				
				
					Musik als Einladung auf eine virtuelle Reise. Envol – von Béatrice Lartigue, Sébastien Courvoisier und Louis Warynski – lädt die Besucher dazu ein, sich in Vögel zu verwandeln, die sich durch eine grenzenlose Traumlandschaft schwingen. Der Raum formt sich im laufe des Fluges und es entsteht eine musikalische Topographie, die Landschaft harmonisiert mit den Vibrationen der Luft.
				
				
					La musique comme invitation au voyage. Envol, de Béatrice Lartigue, Sébastien Courvoisier et Louis Warynski, propose aux visiteurs d’incarner un oiseau et de survoler un paysage onirique infini. L’espace prend corps au fil du parcours, une topographie musicale se dessine. Le paysage vibre, en écho aux vibrations de l’air. 
				
			
		
		
		
			
				
					Credits
				
				
					Credits
				
				
					Crédits
				
				
						Initiator: Digital Arts Association

						Director: Caroline Hirt, Christian Etter

						Producer: Johanna Taubenreuter

						Partner: Hinderling Volkart, Microsoft

						Support: Finance Department Zurich, The French Embassy in Switzerland

						
						Special thanks: Jonathan Fay and the American Astronomical Society, 
						Jonathan Blanchet, Juliette Champain, François Chay, Erik Escoffier,
						Pierre Thirion, Sébastien Courvoisier, Louis Warynski, 
						Stéphane Grégoire, Alexa Jeanne Kusber,
						Eric Bichon & Cie, Ryan Gaspar, Michael Volkart, Michael Hinderling,
						Nicolas Guichard, Moritz Schuler						
				
				
						Initiator: Digital Arts Association

						Director: Caroline Hirt, Christian Etter

						Producer: Johanna Taubenreuter

						Partner: Hinderling Volkart, Microsoft

						Support: Finance Department Zurich, The French Embassy in Switzerland

						
						Special thanks: Jonathan Fay and the American Astronomical Society, 
						Jonathan Blanchet, Juliette Champain, François Chay, Erik Escoffier,
						Pierre Thirion, Sébastien Courvoisier, Louis Warynski, 
						Stéphane Grégoire, Alexa Jeanne Kusber,
						Eric Bichon & Cie, Ryan Gaspar, Michael Volkart, Michael Hinderling,
						Nicolas Guichard, Moritz Schuler						
				
				
						Initiateur: Digital Arts Association

						Direction: Caroline Hirt, Christian Etter

						Production: Johanna Taubenreuter

						Partenaires: Hinderling Volkart, Microsoft

						Soutien: Département des Finances de Zurich, Ambassade de France en Suisse

						
						Remerciements particuliers: Jonathan Fay et la Société Américaine d'Astronomie, 
						Jonathan Blanchet, Juliette Champain, François Chay, Erik Escoffier,
						Pierre Thirion, Sébastien Courvoisier, Louis Warynski, 
						Stéphane Grégoire, Alexa Jeanne Kusber,
						Eric Bichon & Cie, Ryan Gaspar, Michael Volkart, Michael Hinderling,
						Nicolas Guichard, Moritz Schuler						
				
					
			
		
		
		
			
				
			
		
		
		
			
				
					Variations
				
				
					Variations by Juliette Champain offers a space to contemplate movement and shapes. Almost identical geometrical forms hang on the wall. Their inclination vary, depending on their mass and point of suspension, creating both disarray and order. Rotating motors make the elements slowly evolve under the visitors’ eyes, like a group of ballet dancers.
				
				
					Variations, von Juliette Champain, öffnet die Tür zu einem Raum, in welchem über die Beziehung von Formen und Bewegung nachgedacht werden kann. An einer Wand hängen geometrische Formen, die beinahe identisch sind. Jedoch hat jede Form eine andere Neigung, welche von seiner Masse und Aufhängungsausrichtung abhängig ist.
				
				
					Variations, de Juliette Champain, propose un espace pour la contemplation de formes et mouvements. Des formes géométriques presque identiques sont suspendues au mur. Chacune présente une inclinaison différente selon sa masse et son point de suspension, créant à la fois de l’ordre et du désordre.
				
			
		

		
		
		
			
				
			
		
		
		
			
				
					Enthusiatic Overlay
				
				
					Enthusiastic Overlay is an interactive installation by Cyril Diagne where the visitor gets to discover the secret lives of ordinary objects. By manipulating and holding them in front of a camera, tennis balls come to life as enthusiastic little creatures. A joyful and light- hearted moment of glee and humour is shared during the time of the interaction.
				
				
					Enthusiastic Overlay ist eine interaktive Installation von Cyril Diagne, die dem Betrachter das geheime Leben von alltäglichen Objekten näherbringt. Indem Tennisbälle vor eine industrielle Hochgeschwindigkeits-Kamera gehalten werden, erwachen diese zum Leben und entwickeln sich zu enthusiastischen kleinen Geschöpfen.
				
				
					Enthusiastic Overlay est une installation interactive de Cyril Diagne qui permet au public de découvrir la vie secrète des objets usuels. En les manipulant en face d’une caméra, les balles de tennis prennent vie et s’animent sous forme de petites créatures enthousiastes qui, le temps de l’interaction, partagent avec le visiteur leur malice et joie de vivre.
				
			
		
		
		
			
				
					Appel d’Air
				
				
					Appel d’Air is an installation by Tobias Muthesius and Pierre Thirion that gives the audience the chance to interact with the wind. 
				
				
					Appel d’Air, von Tobias Muthesius und Pierre Thirion, eröffnet den Besuchern die Möglichkeit mit Wind zu interagieren. 
				
				
					Appel d’Air – de Tobias Muthesius und Pierre Thirion – est une installation qui offre la possibilité d’interagir avec le vent. 
				
			
		
		
		
			
				
			
		
		
		
		
		
		
			
				
					
					
					
				
			
		
	
	




	

		

			
				
					
						Museum of Digital Art

						Pfingstweid St 101

						CH-8005 Zurich

						Switzerland
					
						Tuesday to Sunday: 11 – 19

						Monday: Closed
					
						zurich@muda.co

						+41 44 456 40 50
					
					
						Museum of Digital Art

						Pfingstweidstrasse 101

						8005 Zürich, Schweiz
					
						Dienstag bis Sonntag: 11 – 19 Uhr

						Montags: Geschlossen
					
						zurich@muda.co

						+41 44 456 40 50
					
					
						Museum of Digital Art

						Pfingstweidstrasse 101

						8005 Zurich

						Suisse
					
						Du mardi au dimanche: 11 – 19

						Lundi: Fermé
					
						zurich@muda.co

						+41 44 456 40 50
					
				
			
		
			
				
					
						Stream
					
					
						Stream
					
					
						Stream
					
					
						News

						Events

						Workshops

						Artworks

						Profiles

					
					
						News

						Events

						Workshops

						Projekte

						Profile

					
					
						Nouvelles

						Evénements

						Workshops

						Oeuvres

						Artistes

					
				
			
		
			
				
					
						Exhibitions
					
					
						Ausstellung
					
					
						Expositions
					
					
						Current

						Upcoming

						Past

						Collection

						 

					
					
						Aktuell

						Bevorstehend

						Archiv

						Kollektion

						 

					
					
						En cours

						À venir

						Archives

						Collection

						 

					
				
			
		
			
				
					
						Information
					
					
						Info
					
					
						Informations
					
					
						Visiting

						About

						Activities

						Partners

						Association

					
					
						Besucherinfos

						Info

						Aktivitäten

						Partner

						Trägschaft

					
					
						Nous visiter

						À propos

						Activités

						Partenaires

						Association

					
				
			
		
			
				
					
						Store
					
					
						Store
					
					
						Boutique
					
					
						Membership

						Apps

						Textiles

						Prints

					
					
						Mitgliedschaft

						Apps

						Textilen

						Drucke

					
					
						Membres

						Applis

						Textiles

						Sérigraphies

					
				
			
		
			
			
			
				
					
						
						
						
						
						
						
					
				
			
			
			
				
					
						
					
					
				
			
		
			

			
				
					
						
							Contact   
							Media   
							Careers   
							Terms
						
						
							Kontakt   
							Medien   
							Stellen   
							AGB
						
						
							Contact   
							Médias   
							Carrière   
							Conditions
						
					
				
			
		
			
				
					
						© Digital Arts Association"
"","http://muda.co/qubibi","Qubibi","Sep 9, 2017 to Jan 28, 2018","Sep 9, 2017 to Jan 28, 2018","http://muda.co/qubibi/img/qubibi_anim.gif","Qubibi, auch bekannt als Kazumasa Teshigawara, ist Künstler und Designer, geboren im Jahr 1977 in Tokio.","null","null","null","null","Qubibi ← MuDA ↵
		
				
		

		
		
		
		
		
		
		
		
		
		
		

	
	
	
		
		
			
			
		
		
		
			Stream
			Stream
		
		
		
			Exhibitions
			Exhibitions
		
		
			Ausstellungen
			Ausstellungen
		
		
			Expositions
			Expositions
		
		
		
			Information
			Information
		
		
			Store
			Store
		
		
			Shop
			Shop
		
		
			Magasin
			Magasin
		
		
		
			Members
			Members
		
		
		
		
		


	



	
		
	




	
		
		
			
				
					Qubibi
				
				
					Sep 9, 2017 to Jan 28, 2018
				
				
					9. Sep 2017 bis 28. Jan 2018
				
				
					Sep 9, 2017 to Jan 28, 2018
				
			
		
		
		
			
				
			
		
		
		
		
			
				
					Qubibi, also known as Kazumasa Teshigawara, is an artist and designer, born in Tokyo in 1977.
				
				
					Qubibi, auch bekannt als Kazumasa Teshigawara, ist Künstler und Designer, geboren im Jahr 1977 in Tokio.
				
				
					Qubibi, également connu sous le nom de Kazumasa Teshigawara, est un artiste et designer, né à Tokyo en 1977.
				
			
		
		
		
		
		
			
				
					1
				
				
					He used to live with his mother in the beginning. Later moved in with a new family. Was taken around bars while still young. Hostesses used to like him a lot. Stopped going to school. Played games at home. Cried out of fear when collectors banged at the door for money. Father ran away, got caught. Graduated elementary school.
				
				
					Zu Beginn lebte er mit seiner Mutter zusammen. Später zog er zu einer neuen Familie. Noch als Kind von Bar zu Bar mitgenommen. Die Hostessen mochten ihn. Aufgehört zur Schule zu gehen. Spielte zu Hause Videospiele. Weinte aus Angst, als Steuereintreiber an die Tür klopften. Vater lief weg, wurde aber gefangen genommen. Absolvierte die Grundschule.
				
				
					Au début, il vit avec sa mère. Puis emménage dans une nouvelle famille. Enfant, se fait balader de bars en bars. Les hôtesses l’aiment beaucoup. Arrête d’aller à l’école. Joue aux jeux vidéo à la maison. Pleure d’angoisse quand les percepteurs cognent à leur porte pour encaisser de l’argent. Son père s’enfuit, se fait attraper. Termine l’école primaire.
				
			
		
		
		
		
			
				
			
		
		
		
			
				
					2
				
				
					Got into an accident and hurt his neck. Father came back. Father died. Graduated secondary high. Worked at a textile factory. Got into an accident, almost died, and hurt his neck, again. Got into music. Bought a computer. Met some weird people. Said goodbye.
				
				
					Geriet in einen Unfall und verletzte sich am Hals. Vater kam zurück. Vater starb. Absolvierte die Sekundarschule. Arbeitete in einer Textilfabrik. Geriet in einen Unfall, ist dabei fast ums Leben gekommen und der Hals wurde wieder verletzt. Geriet in die Musikszene. Kaufte einen Computer. Hat einige seltsamen Menschen getroffen. Sagte auf Wiedersehen.
				
				
					A un accident et se blesse au cou. Son père revient. Son père décède. Obtient son diplôme d’études secondaires. Travaille dans une usine de textile. A un accident, frôle la mort, se blesse au cou, encore une fois. Se lance dans la musique. S’achète un ordinateur. Rencontre des gens bizarres. Dit au revoir.

				
			
		
		
		
			
				
					3
				
				
					Unknowingly entered a bad content design firm and quit immediately. Was scared for days after he quit because the company got hold of him. Worked and quit a number of jobs. At age 21, discovered the fun of design.
				
				
					Unwissentlich bei einer schlechten Content-Design-Firma angeheuert und sofort wieder aufgehört. Nachdem er gegangen war, hatte er noch tagelang Angst, dass das Unternehmen ihn finden würde. Hatte verschiedene Jobs und hörte wieder auf. Im Alter von 21 Jahren entdeckte er das Potential des Designs.
				
				
					Entre par inadvertance dans une entreprise qui fait du mauvais design et démissionne sur-le-champ. Après les avoir quittés, a peur pendant des jours car il est sous leur emprise. Travaille et démissionne d’un certain nombre d’emplois. À l’âge de 21 ans, découvre le plaisir du design.

				
			
		
		
		
			
				
			
		
		
		
			
				
			
		
		
		
			
				
					4
				
				
					Eventually Qubibi got married and became a father. Then separated. Got the kid. Takes care of the kid.
				
				
					Schliesslich heiratete Qubibi und wurde Vater. Hat sich getrennt. Bekam das Sorgerecht für das Kind. Kümmert sich nun um das Kind.
				
				
					Qubibi finit par se marier et devient père. Se sépare. Obtient la garde de l’enfant. S’occupe de l’enfant.
				
			
		
		
		
			
				
			
		
		
		
		
		
		
			
				
					
					
					
				
			
		
	
	




	

		

			
				
					
						Museum of Digital Art

						Pfingstweid St 101

						CH-8005 Zurich

						Switzerland
					
						Tuesday to Sunday: 11 – 19

						Monday: Closed
					
						zurich@muda.co

						+41 44 456 40 50
					
					
						Museum of Digital Art

						Pfingstweidstrasse 101

						8005 Zürich, Schweiz
					
						Dienstag bis Sonntag: 11 – 19 Uhr

						Montags: Geschlossen
					
						zurich@muda.co

						+41 44 456 40 50
					
					
						Museum of Digital Art

						Pfingstweidstrasse 101

						8005 Zurich

						Suisse
					
						Du mardi au dimanche: 11 – 19

						Lundi: Fermé
					
						zurich@muda.co

						+41 44 456 40 50
					
				
			
		
			
				
					
						Stream
					
					
						Stream
					
					
						Stream
					
					
						News

						Events

						Workshops

						Artworks

						Profiles

					
					
						News

						Events

						Workshops

						Projekte

						Profile

					
					
						Nouvelles

						Evénements

						Workshops

						Oeuvres

						Artistes

					
				
			
		
			
				
					
						Exhibitions
					
					
						Ausstellung
					
					
						Expositions
					
					
						Current

						Upcoming

						Past

						Collection

						 

					
					
						Aktuell

						Bevorstehend

						Archiv

						Kollektion

						 

					
					
						En cours

						À venir

						Archives

						Collection

						 

					
				
			
		
			
				
					
						Information
					
					
						Info
					
					
						Informations
					
					
						Visiting

						About

						Activities

						Partners

						Association

					
					
						Besucherinfos

						Info

						Aktivitäten

						Partner

						Trägschaft

					
					
						Nous visiter

						À propos

						Activités

						Partenaires

						Association

					
				
			
		
			
				
					
						Store
					
					
						Store
					
					
						Boutique
					
					
						Membership

						Apps

						Textiles

						Prints

					
					
						Mitgliedschaft

						Apps

						Textilen

						Drucke

					
					
						Membres

						Applis

						Textiles

						Sérigraphies

					
				
			
		
			
			
			
				
					
						
						
						
						
						
						
					
				
			
			
			
				
					
						
					
					
				
			
		
			

			
				
					
						
							Contact   
							Media   
							Careers   
							Terms
						
						
							Kontakt   
							Medien   
							Stellen   
							AGB
						
						
							Contact   
							Médias   
							Carrière   
							Conditions
						
					
				
			
		
			
				
					
						© Digital Arts Association"
"","http://muda.co/gysinvanetti","Gysin-Vanetti","February 12 to August 14, 2016","February 12 to August 14, 2016","http://muda.co/gysinvanetti/img/gv_sbb.jpg","Als die beiden schweizer Künstler Andreas Gysin und Sidi Vanetti unserer Umgebung neu programmieren, werden banale Objekte verzauberend.","null","null","null","null","Gysin Vanetti ← MuDA ↵
		
				
		

		
		
		
		
		
		
		
		
		
		
		

	
	
	
		
		
			
			
		
		
		
			Stream
			Stream
		
		
		
			Exhibitions
			Exhibitions
		
		
			Ausstellungen
			Ausstellungen
		
		
			Expositions
			Expositions
		
		
		
			Information
			Information
		
		
			Store
			Store
		
		
			Shop
			Shop
		
		
			Magasin
			Magasin
		
		
		
			Members
			Members
		
		
		
		
		


	





	
		
	




	
		
		
			
				
					Gysin-Vanetti
				
				
					February 12 to August 14, 2016
				
				
					12. Februar bis 14. August 2016
				
				
					du 12 février au 14 août 2016
				
			
		
		
		
			
				
					When the two Swiss artists Andreas Gysin and Sidi Vanetti reprogram our surroundings, mundane objects become bedazzling.
				
				
					Als die beiden schweizer Künstler Andreas Gysin und Sidi Vanetti unserer Umgebung neu programmieren, werden banale Objekte verzauberend.
				
				
					Lorsque les deux artistes suisses Andreas Gysin et Sidi Vanetti reprogramment notre environnement, les objets du quotidien deviennent enchanteurs.
				
			
		
		
		
			
				
			
		
		
		
			
				
					The exhibition's main installation consists in the reuse of one side of the original old electromechanical timetable of Zurich's main train station. Part of commuters’ journeys since 1988, this icon in image and sound of the station and piece of identity of the city itself was replaced in October 2015 by a new and silent digital model. 
				
				
					Die Hauptinstallation der Ausstellung besteht aus der Wiederverwendung einer Seite des originalen, alten elektromechanischen Generalanzeigers des Zürcher Hauptbahnhof. Seit 1988 ein Stück Pendlergeschichte, ist die Anzeige ein Symbol in Bild und Ton für die Identität der Stadt selbst. Im Oktober 2015 wurde sie durch ein neues und geräuschloses digitales Modell ersetzt. 
				
				
					L’installation au coeur de cette exposition consiste en la réutilisation d'une des faces du tableau d’affichage électromécanique originel de la gare centrale de Zurich. Partie intégrante des déplacements des voyageurs depuis 1988, cette icône visuelle et sonore, devenue objet identitaire de la ville elle-même, a été remplacée en octobre 2015 par un nouveau modèle digital et silencieux. 
				
			
		

		
		
		
			
				
					Biography
				
				
					Biography
				
				
					Biographie
				
				
					Both born in 1975, Andreas Gysin and Sidi Vanetti’s friendship stems back to their encounter at the University of Applied Sciences and Arts in Ticino where they teamed up for what would be the first of a long-lasting collaboration: a dissertation on visual communication and children’s narrative thinking.
				
				
					Die Freundschaft zwischen den Künstlern Andreas Gysin und Sidi Vanetti, beide im Jahre 1975 geboren, fand ihren Anfang, als sie sich an der Universität der Künste und Wissenschaften im Tessin trafen. Dort arbeiteten sie erstmals gemeinsam an einem Projekt: Einer Dissertation über visuelle Kommunikation und das erzählerische Denken von Kindern. Dieser ersten erfolgreichen Kollaboration sollten noch viele weitere gemeinsame Arbeiten folgen.
				
				
					La complicité qui lie Andreas Gysin et Sidi Vanetti, tous deux nés en 1975, remonte à leur rencontre à l’Université des Arts et des Sciences appliquées au Tessin, où ils collaborent sur le premier d’une longue série de projets: une dissertation sur la communication visuelle et la pensée narrative des enfants.
				
			
		
		
		
			
				
			
		
		
		
			
				
					Known to intervene in the public space with an admirable lightness of touch, for instance by converting elements of road signage into a series of perceptive works, the mischievous duo interacts with our sensorial organs and leads us to reexamine our relationship to our surroundings through delicate, playful and inspiring narratives.
				
				
					Bekannt für die bewundernswerte Leichtigkeit der Berührung mit der sie im öffentlichen Raum arbeiten - zum Beispiel durch die Umwandlung von Verkehrszeichenelementen in einer Reihe von interessanten Arbeiten - tritt das schelmische Duo mit unseren Sinnesorganen in Wechselwirkung und lädt uns mit zarten, verspielten und inspirierenden Nationen dazu ein, unsere Beziehung zu unserer alltäglichen Umwelt zu überdenken und neu zu entdecken.
				
				
					Connus pour l’admirable légèreté avec laquelle ils interviennent dans l'espace public - par exemple en convertissant des éléments de signalisation routière en une série de travaux perspicaces - l'espiègle duo interagit avec nos organes sensoriels et nous invite à réexaminer notre relation à notre environnement au travers de narrations poétiques, ludiques et inspirantes.
				
			
		
		
		
		
		
			
				
			
		
		
		
			
				
					Gysin-Vanetti App
				
				
					
						The virtual catalogue of the exhibition 
						explores the process of the exhibition-making, the thoughts of the two artists, 
						and documents each installation presented in the MuDA and is available for
						iOS and Android.
					
					
						Der virtuelle Katalog zur  Ausstellung dokumentiert
						den Prozess der Künstler, ihre Gedanken, wie auch jede ihrer Installationen
						im MuDA und ist für iOS und Android erhältlich.
					
					
						Le pendant virtuel de l'exposition physique à Zurich explore les différentes étapes de 
						production de l'exposition, les pensées des deux artistes, et documente également chaque installation 
						présentée au MuDA.
					
				
			
				
					iOS
				
				
					Android
				
				
			
		
		
		

		
			
				
					
						Credits
					
					
						Team
					
					
						Crédits
					
				
				
					
						Initiator: Digital Arts Association

						Directors: Caroline Hirt, Christian Etter
						
						Producer: Lucas Uhlmann

						Engineering: Tino Perucchi
						
						Partner: Hinderling Volkart

						Support: 567 fantastic backers, Finance Department Zurich, Migros Kulturprozent
						
						Cinematography: Lauschsicht, Manuel Wenk

						Photography: Matteo Fieni / 13 Photo, Daniel Kunz
						
						Special thanks: Attilio Wismer, Jordi Riegg, Lukas Spengeler, Markus Wüthrich, Roberto Compagnino and team
					
					
						Initiator: Digital Arts Association

						Direktoren: Caroline Hirt, Christian Etter
						
						Produzent: Lucas Uhlmann

						Engineering: Tino Perucchi
						
						Partner: Hinderling Volkart

						Unterstützung: 567 fantastische Backers, Finanz Department Zurich, Migros Kulturprozent
						
						Kamera: Lauschsicht, Manuel Wenk

						Fotografie: Matteo Fieni / 13 Photo, Daniel Kunz
						
						Besonderen Dank an: Attilio Wismer, Jordi Riegg, Lukas Spengeler, Markus Wüthrich, Roberto Compagnino und Team
					
					
						Initiateur: Digital Arts Association

						Directeurs: Caroline Hirt, Christian Etter
						
						Producteur: Lucas Uhlmann

						Engineering: Tino Perucchi
						
						Partenaire: Hinderling Volkart

						Soutien: 567 backers extraordinaires, Département des Finances de Zurich, Pourcent-culturel Migros
						
						Cinématographie: Lauschsicht, Manuel Wenk

						Photographie: Matteo Fieni / 13 Photo, Daniel Kunz
						
						Avec des remerciements particuliers à: Attilio Wismer, Jordi Riegg, Lukas Spengeler, Markus Wüthrich, Roberto Compagnino et son équipe
					
					
				
			
		
		
		
		
		
		
			
				
					
					
					
				
			
		
	
	




	

		

			
				
					
						Museum of Digital Art

						Pfingstweid St 101

						CH-8005 Zurich

						Switzerland
					
						Tuesday to Sunday: 11 – 19

						Monday: Closed
					
						zurich@muda.co

						+41 44 456 40 50
					
					
						Museum of Digital Art

						Pfingstweidstrasse 101

						8005 Zürich, Schweiz
					
						Dienstag bis Sonntag: 11 – 19 Uhr

						Montags: Geschlossen
					
						zurich@muda.co

						+41 44 456 40 50
					
					
						Museum of Digital Art

						Pfingstweidstrasse 101

						8005 Zurich

						Suisse
					
						Du mardi au dimanche: 11 – 19

						Lundi: Fermé
					
						zurich@muda.co

						+41 44 456 40 50
					
				
			
		
			
				
					
						Stream
					
					
						Stream
					
					
						Stream
					
					
						News

						Events

						Workshops

						Artworks

						Profiles

					
					
						News

						Events

						Workshops

						Projekte

						Profile

					
					
						Nouvelles

						Evénements

						Workshops

						Oeuvres

						Artistes

					
				
			
		
			
				
					
						Exhibitions
					
					
						Ausstellung
					
					
						Expositions
					
					
						Current

						Upcoming

						Past

						Collection

						 

					
					
						Aktuell

						Bevorstehend

						Archiv

						Kollektion

						 

					
					
						En cours

						À venir

						Archives

						Collection

						 

					
				
			
		
			
				
					
						Information
					
					
						Info
					
					
						Informations
					
					
						Visiting

						About

						Activities

						Partners

						Association

					
					
						Besucherinfos

						Info

						Aktivitäten

						Partner

						Trägschaft

					
					
						Nous visiter

						À propos

						Activités

						Partenaires

						Association

					
				
			
		
			
				
					
						Store
					
					
						Store
					
					
						Boutique
					
					
						Membership

						Apps

						Textiles

						Prints

					
					
						Mitgliedschaft

						Apps

						Textilen

						Drucke

					
					
						Membres

						Applis

						Textiles

						Sérigraphies

					
				
			
		
			
			
			
				
					
						
						
						
						
						
						
					
				
			
			
			
				
					
						
					
					
				
			
		
			

			
				
					
						
							Contact   
							Media   
							Careers   
							Terms
						
						
							Kontakt   
							Medien   
							Stellen   
							AGB
						
						
							Contact   
							Médias   
							Carrière   
							Conditions
						
					
				
			
		
			
				
					
						© Digital Arts Association"
"","http://muda.co/gramaziokohler","Gramazio Kohler","Apr 1 to Jul 16, 2017","Apr 1 to Jul 16, 2017","http://muda.co/gramaziokohler/img/gk_cupola.jpg","Die beiden Architekten Fabio Gramazio und Matthias Kohler kombinieren die Physik gebauter Architektur mit digitaler Logik. Mit ihren Arbeiten konzipieren sie räumliche Beziehungen und kontextuelle Verhalten durch Programmierung.","null","null","null","null","Gramazio Kohler ← MuDA ↵
		
				
		

		
		
		
		
		
		
		
		
		
		
		

	
	
	
		
		
			
			
		
		
		
			Stream
			Stream
		
		
		
			Exhibitions
			Exhibitions
		
		
			Ausstellungen
			Ausstellungen
		
		
			Expositions
			Expositions
		
		
		
			Information
			Information
		
		
			Store
			Store
		
		
			Shop
			Shop
		
		
			Magasin
			Magasin
		
		
		
			Members
			Members
		
		
		
		
		


	



	
		
	




	
		
		
			
				
					Gramazio Kohler
				
				
					Apr 1 to Jul 16, 2017
				
				
					1. Apr bis 16. Jul 2017
				
				
					1er avril au 16 juillet 2017
				
			
		
		
		
			
				
					The two trained architects Fabio Gramazio and Matthias Kohler combine the physics of built architecture with digital logic. They don't design physical structures solely by drawing, but conceive spatial relationships and contextual behaviour through programming.
				
				
					Die beiden Architekten Fabio Gramazio und Matthias Kohler kombinieren die Physik gebauter Architektur mit digitaler Logik. Mit ihren Arbeiten konzipieren sie räumliche Beziehungen und kontextuelle Verhalten durch Programmierung.
				
				
					Les architectes Fabio Gramazio et Matthias Kohler combinent la statique constructive à la logique numérique. La forme de leurs structures n'est pas seulement issue d'un dessin mais provient également de la programmation qu'ils utilisent pour concevoir les relations spatiales et les comportements contextuels.
				
			
		
		
		
			
				
			
		
		
		
			
				
			
		
		
		
			
				
					Gramazio Kohler use the potential of computers and digital fabrication as construction and building methods. The sensual quality of this design culture manifests itself in the novel expression of a digital materiality.
				
				
					Gramazio Kohler nutzen das Potential der Computer und der digitalen Fabrikation als Konstruktionsmethoden. Die sinnliche Qualität dieser Design-Kultur manifestiert sich im neuartigen Ausdruck einer digitalen Materialität.
				
				
					Gramazio Kohler utilisent le potentiel de l'informatique et de la fabrication digitale comme méthodes de construction. La qualité sensuelle de cette culture du design se manifeste dans l'expression originale d'une matérialité numérique.
				
			
		
		
		
			
				
			
		
		
		
			
				
			
		
		
		
			
				
					Credits
				
				
					Credits
				
				
					Crédits
				
				
						Initiator: Digital Arts Association

						Director: Caroline Hirt, Christian Etter

						Producer: Jesús Medina
						
						Partner: Hinderling Volkart, Microsoft, Greenliff
						
						Support: Migros Kulturprozent, ITA (ETH Zürich),
						Jura-Cement-Fabriken AG, Vitra Design Museum, Loops & Bits,
						Schweizer Baumuster-Centrale Zürich
						
						Special thanks: 
						Katrin Hochschuh, Esther Lombardini, Hannes Mayer, Patrick Sibenaler, Sarah Schneider, Hansjürg und Margrit Fetzer, Marc Schwarz, Chenfan Zhu, Andreas Thoma, Michael Lyrenmann, Beat Ferrario, ims Industrial Micro Services GmbH, Romana Rust, Viola Zimmermann, Superform, Gonzálo Casas, Thodoris Kyttas, Roman Keller, Peter Leibundgut, Asier Marzo, Markus Haselbach, Effi Tanner, Marc Widmer, Swiss Mechatronic Art Society, Cristián Calvo Barentin, Moritz Begle, Jonas Buchli, Sven Hürlimann, Markus Pilz, Ryan Gaspar, Tom Kleiber, Fredi Zohar, Luca Callegari, Michael Volkart, Michael Hinderling, Air-View, Alexa Jeanne Kusber, Patrick Sibenaler, Marc Schwarz, David Jenny, Stéphane de Weck, Adam Donovan, Matthias Helmreich, Beat Ferrario, Patrick Sibenaler, Viola Zimmermann, Superform
						
						In collaboration with ETH Zurich
						
				
				
						Initiatorin: Digital Arts Association

						Direktor: Caroline Hirt, Christian Etter

						Produzent: Jesús Medina
						
						Partner: Hinderling Volkart, Microsoft, Greenliff
						
						Support: Migros Kulturprozent, ITA (ETH Zürich),
						Jura-Cement-Fabriken AG, Vitra Design Museum, Loops & Bits,
						Schweizer Baumuster-Centrale Zürich
						
						Danke: 
						Katrin Hochschuh, Esther Lombardini, Hannes Mayer, Patrick Sibenaler, Sarah Schneider, Hansjürg und Margrit Fetzer, Marc Schwarz, Chenfan Zhu, Andreas Thoma, Michael Lyrenmann, Beat Ferrario, ims Industrial Micro Services GmbH, Romana Rust, Viola Zimmermann, Superform, Gonzálo Casas, Thodoris Kyttas, Roman Keller, Peter Leibundgut, Asier Marzo, Markus Haselbach, Effi Tanner, Marc Widmer, Swiss Mechatronic Art Society, Cristián Calvo Barentin, Moritz Begle, Jonas Buchli, Sven Hürlimann, Markus Pilz, Ryan Gaspar, Tom Kleiber, Fredi Zohar, Luca Callegari, Michael Volkart, Michael Hinderling, Air-View, Alexa Jeanne Kusber, Patrick Sibenaler, Marc Schwarz, David Jenny, Stéphane de Weck, Adam Donovan, Matthias Helmreich, Beat Ferrario, Patrick Sibenaler, Viola Zimmermann, Superform
						
						In Zusammenarbeit: ETH Zurich
				
				
				
						Initiateur: Digital Arts Association

						Direction: Caroline Hirt, Christian Etter

						Production: Jesús Medina
						
						Partenaires: Hinderling Volkart, Microsoft, Greenliff
						
						Soutien: Migros Kulturprozent, ITA (ETH Zürich),
						Jura-Cement-Fabriken AG, Vitra Design Museum, Loops & Bits,
						Schweizer Baumuster-Centrale Zürich
						
						Remerciements particuliers: 
						Katrin Hochschuh, Esther Lombardini, Hannes Mayer, Patrick Sibenaler, Sarah Schneider, Hansjürg und Margrit Fetzer, Marc Schwarz, Chenfan Zhu, Andreas Thoma, Michael Lyrenmann, Beat Ferrario, ims Industrial Micro Services GmbH, Romana Rust, Viola Zimmermann, Superform, Gonzálo Casas, Thodoris Kyttas, Roman Keller, Peter Leibundgut, Asier Marzo, Markus Haselbach, Effi Tanner, Marc Widmer, Swiss Mechatronic Art Society, Cristián Calvo Barentin, Moritz Begle, Jonas Buchli, Sven Hürlimann, Markus Pilz, Ryan Gaspar, Tom Kleiber, Fredi Zohar, Luca Callegari, Michael Volkart, Michael Hinderling, Air-View, Alexa Jeanne Kusber, Patrick Sibenaler, Marc Schwarz, David Jenny, Stéphane de Weck, Adam Donovan, Matthias Helmreich, Beat Ferrario, Patrick Sibenaler, Viola Zimmermann, Superform
						
						En collaboration avec ETH Zurich
 

				
					
			
		
	
		
		
		
		
		
			
				
					
					
					
				
			
		
	
	




	

		

			
				
					
						Museum of Digital Art

						Pfingstweid St 101

						CH-8005 Zurich

						Switzerland
					
						Tuesday to Sunday: 11 – 19

						Monday: Closed
					
						zurich@muda.co

						+41 44 456 40 50
					
					
						Museum of Digital Art

						Pfingstweidstrasse 101

						8005 Zürich, Schweiz
					
						Dienstag bis Sonntag: 11 – 19 Uhr

						Montags: Geschlossen
					
						zurich@muda.co

						+41 44 456 40 50
					
					
						Museum of Digital Art

						Pfingstweidstrasse 101

						8005 Zurich

						Suisse
					
						Du mardi au dimanche: 11 – 19

						Lundi: Fermé
					
						zurich@muda.co

						+41 44 456 40 50
					
				
			
		
			
				
					
						Stream
					
					
						Stream
					
					
						Stream
					
					
						News

						Events

						Workshops

						Artworks

						Profiles

					
					
						News

						Events

						Workshops

						Projekte

						Profile

					
					
						Nouvelles

						Evénements

						Workshops

						Oeuvres

						Artistes

					
				
			
		
			
				
					
						Exhibitions
					
					
						Ausstellung
					
					
						Expositions
					
					
						Current

						Upcoming

						Past

						Collection

						 

					
					
						Aktuell

						Bevorstehend

						Archiv

						Kollektion

						 

					
					
						En cours

						À venir

						Archives

						Collection

						 

					
				
			
		
			
				
					
						Information
					
					
						Info
					
					
						Informations
					
					
						Visiting

						About

						Activities

						Partners

						Association

					
					
						Besucherinfos

						Info

						Aktivitäten

						Partner

						Trägschaft

					
					
						Nous visiter

						À propos

						Activités

						Partenaires

						Association

					
				
			
		
			
				
					
						Store
					
					
						Store
					
					
						Boutique
					
					
						Membership

						Apps

						Textiles

						Prints

					
					
						Mitgliedschaft

						Apps

						Textilen

						Drucke

					
					
						Membres

						Applis

						Textiles

						Sérigraphies

					
				
			
		
			
			
			
				
					
						
						
						
						
						
						
					
				
			
			
			
				
					
						
					
					
				
			
		
			

			
				
					
						
							Contact   
							Media   
							Careers   
							Terms
						
						
							Kontakt   
							Medien   
							Stellen   
							AGB
						
						
							Contact   
							Médias   
							Carrière   
							Conditions
						
					
				
			
		
			
				
					
						© Digital Arts Association"
