"EVENT NAME","VENUE NAME","ORGANIZER NAME","START DATE","START TIME","END DATE","END TIME","ALL DAY EVENT?","CATEGORIES","EVENT COST","EVENT WEBSITE","SHOW MAP LINK?","SHOW MAP?","EVENT DESCRIPTION","EVENT IMAGE"
"Presentaci√≥ final de Proyecto V d'Adri√°n Pino Olivera","√Äcid Sulf√∫ric","√Äcid Sulf√∫ric","0/2018/2018","","","",1,"","","https://www.facebook.com/events/166032817444943/",1,1,"<p><img src='http://scontent-mad1-1.xx.fbcdn.net/v/t31.0-8/s720x720/30052358_2059745867573440_6118238814797420340_o.jpg?_nc_cat=0&_nc_eui2=v1%3AAeFX6YBOfQhsVqAxH5QMv5DuXLX1yiN-1dagwk87qwiMrjD0NpH04YkKgiqU_qgpwPd9d_EjB_Zn0Q7MU6W1yrD3QrcRJeGi_UmF7CjzXMp9WQ&oh=6eb5bc78af6e22496925015cd3f9bf1e&oe=5B75FC48' width='228' height='182' alt='Presentaci√≥ final de Proyecto V d'Adri√°n Pino Olivera' />""El t√≠o ese que se desnuda en los museos"" o Adri√°n Pino Olivera ens presenta per darrer cop el seu PROYECTO V, un seguit de nus art√≠stics pels principals museus d'Europa. Des del mar√ß del 2017, Pino ha recorregut el Louvre, el Prado o la National Gallery i ha performat el cos de la deessa Venus davant d'obres ic√≤niques connectades amb el Femen√≠. Una empresa que havia de concloure al desembre d‚Äôaquest any per√≤ que ha mort sobtadament i de la qual ara en queden els cad√†vers: fotos i v√≠deos record de l'eterna repetici√≥ d'una obsessi√≥.<br /><br />Presentaci√≥ a c√†rrec d'√Älex Reig Biosca<br />‚ÄúSelling the Shell‚Äù - Acci√≥ performativa de clausura<br /><br />""El t√≠o ese que se desnuda en los museos"" o Adri√°n Pino Olivera nos presenta por √∫ltima vez su PROYECTO V, una serie de desnudos art√≠sticos por los principales museos de Europa. Desde marzo de 2017, Pino ha recorrido el Louvre, el Prado o la National Gallery y ha performado el cuerpo de la diosa Venus ante obras ic√≥nicas conectadas con el Femenino. Una empresa que deb√≠a concluir en diciembre de este a√±o pero que ha muerto repentinamente y de la que ahora quedan los cad√°veres: fotos y v√≠deos recuerdo de la eterna repetici√≥n de una obsesi√≥n.<br /><br />Presentaci√≥n a cargo de √Älex Reig Biosca<br />""Selling the Shell"" - Acci√≥n performativa de clausura</p>","https://scontent-mad1-1.xx.fbcdn.net/v/t31.0-8/s720x720/30052358_2059745867573440_6118238814797420340_o.jpg?_nc_cat=0&_nc_eui2=v1%3AAeFX6YBOfQhsVqAxH5QMv5DuXLX1yiN-1dagwk87qwiMrjD0NpH04YkKgiqU_qgpwPd9d_EjB_Zn0Q7MU6W1yrD3QrcRJeGi_UmF7CjzXMp9WQ&oh=6eb5bc78af6e22496925015cd3f9bf1e&oe=5B75FC48"
"Inauguraci√≥ Enfocats 2018, Festival de fotografia","Centre C√≠vic Pati Llimona","Fotografia Pati Llimona","0/2018/2018","","","",1,"","","https://www.facebook.com/events/915930448585696/",1,1,"<p><img src='http://scontent-mad1-1.xx.fbcdn.net/v/t1.0-0/p235x350/30440657_2059108327700509_6872974357956415625_n.jpg?_nc_cat=0&_nc_eui2=v1%3AAeEwDGe5FXE4CmZf3nyh37cMkrWlIGun1HEg1A9tboeTvCp-2z0CncvaIIFLZ4Ve_FQf243tkgmchnyuigsqu4v-iFSeFLqlEWMNomRWBdAkaA&oh=a38b1a1744d88e25f1f9d4961b37928f&oe=5B65A7F5' width='228' height='182' alt='Inauguraci√≥ Enfocats 2018, Festival de fotografia' />Fotografia: Marcelo Aurelio <br /><br />Tret de sortida al festival de fotografia del Centre C√≠vic Pati Llimona<br />Amb la complicitat i autoria de:<br />- FOTOMOVIMIENTO 15M<br />- Marcelo Aurelio<br />- Pedro Con Pulso<br />- Marcelo Aurelio<br />- Sergi Bernal<br />- Joan Teixidor<br />- SAFI: Stop als Fen√≤mens Islam√≤fobs a Catalunya<br />- Helena Roura<br />- Estefania Bedmar<br />- Casal Infantil Pati Llimona i Franja g√≤tic pati llimona<br />- Arxiu Fotogr√†fic del barri G√≤tic<br />- Ruido Photo<br />- Slideluck Barcelona<br />- SomAtents<br />- Toni Amengual, activista visual<br />- Mireia Plans Farrero<br />- Cl√†udia Frontino<br />- La Directa<br />- elsaltodiario.com<br />- SOS Racisme Catalunya<br />- Revela-T<br />- Taller Milans<br />- Radio Nikosia<br />- Col¬∑lectiu RASPAS<br />- Associacio Intercultural Llatins per Catalunya<br /><br />A PARTIR DEL 19 D'ABRIL CONSULTA TOTA LA PROGRAMACI√ì A ENFOCATS.ORG</p>","https://scontent-mad1-1.xx.fbcdn.net/v/t1.0-0/p235x350/30440657_2059108327700509_6872974357956415625_n.jpg?_nc_cat=0&_nc_eui2=v1%3AAeEwDGe5FXE4CmZf3nyh37cMkrWlIGun1HEg1A9tboeTvCp-2z0CncvaIIFLZ4Ve_FQf243tkgmchnyuigsqu4v-iFSeFLqlEWMNomRWBdAkaA&oh=a38b1a1744d88e25f1f9d4961b37928f&oe=5B65A7F5"
"Inauguraci√≥n Exposici√≥n Angela Dalinger","La Llama","La Llama","0/2018/2018","","","",1,"","","https://www.facebook.com/events/235165990377012/",1,1,"<p><img src='http://scontent-mad1-1.xx.fbcdn.net/v/t1.0-0/q83/s640x640/30656218_574081052954866_126189484936003584_n.jpg?_nc_cat=0&_nc_eui2=v1%3AAeGeMmcsqWTW_zrc1kEzJAfZmgUm9EhiIfU8LtbhL58oeECDT7YUGxf-6EdPj_-R7Cl-bWz-OjL3LoXN86ck7RGV9R23ZirBpT_OSZcqAm0Fmg&oh=3dcf418bcc4e9872fa2f0bd79ae7cff6&oe=5B50C942' width='228' height='182' alt='Inauguraci√≥n Exposici√≥n Angela Dalinger' />La Llama acoger√° la nueva exposici√≥n de Angela Dalinger en Barcelona. La muestra ""Imaginary Telepathy"" se podr√° visitar en La Galer√≠a de la Llama del 20 de Abril al 20 de mayo de 2018</p>","https://scontent-mad1-1.xx.fbcdn.net/v/t1.0-0/q83/s640x640/30656218_574081052954866_126189484936003584_n.jpg?_nc_cat=0&_nc_eui2=v1%3AAeGeMmcsqWTW_zrc1kEzJAfZmgUm9EhiIfU8LtbhL58oeECDT7YUGxf-6EdPj_-R7Cl-bWz-OjL3LoXN86ck7RGV9R23ZirBpT_OSZcqAm0Fmg&oh=3dcf418bcc4e9872fa2f0bd79ae7cff6&oe=5B50C942"
"TheCreativeFest18","Antiga F√†brica Estrella Damm","thecreative_net","0/2018/2018","","","",1,"","","https://www.facebook.com/events/617324391950368/",1,1,"<p><img src='http://scontent-mad1-1.xx.fbcdn.net/v/t1.0-9/q90/s851x315/30595201_2093258644238884_7833614941645963264_n.jpg?_nc_cat=0&_nc_eui2=v1%3AAeH36F56s4TGMGoIifh2nMJQRFPGDoJfv0iOM1t7-xO3kzKjDaSD96xw8MfxEZe8LJPlkv40wGo9TGSH8khYoMCP_-Dkr2zzmsln7Rx03m0p-A&oh=b335a5d02f57156248732c0a0f6d97d0&oe=5B61E00F' width='228' height='182' alt='TheCreativeFest18' />¬°Vuelve el TheCreativeFest! La segunda edici√≥n de este festival  donde fluir√° creatividad para quien quiera atraparla: estudiantes, profesionales, apasionados de la cultura, familias‚Ä¶ Llenaremos la f√°brica de talento creativo con algunos de los nombres m√°s sonados y potentes de nuestra plataforma TheCreativeNet. <br /><br />Hemos preparado una gran cantidad de actividades para todos vosotros: Conferencias, Talleres, Workshops, Djs, Foodtrucks,<br />TheCreativeAwards, etc. <br /><br />La entrada es gratuita. <br /><br />¬°Nos vemos en el #TheCreativeFest18!<br /><br />M√°s info en #TheCreativeMag: http://thecreative.net/blog/ca/vuelve-thecreativefest-el-5-de-mayo/</p>","https://scontent-mad1-1.xx.fbcdn.net/v/t1.0-9/q90/s851x315/30595201_2093258644238884_7833614941645963264_n.jpg?_nc_cat=0&_nc_eui2=v1%3AAeH36F56s4TGMGoIifh2nMJQRFPGDoJfv0iOM1t7-xO3kzKjDaSD96xw8MfxEZe8LJPlkv40wGo9TGSH8khYoMCP_-Dkr2zzmsln7Rx03m0p-A&oh=b335a5d02f57156248732c0a0f6d97d0&oe=5B61E00F"
"Revela-T OFF BCN 2018 ""Transe√∫ntes""","MAY1mar11:00","Fifty Dots Gallery","0/2018/2018","","","",1,"","","https://www.facebook.com/events/136822807160113/",1,1,"<p><img src='http://scontent-mad1-1.xx.fbcdn.net/v/t1.0-0/p235x350/30412665_2151560025089941_6582672218414754818_n.jpg?_nc_cat=0&_nc_eui2=v1%3AAeF6abGvnR79aMa2lfcT2kmLpC6Yio-aOWvtSiS1ejo75wWatIzP1y82N9MRybSafMf9E8o1q9cgExXpk-elBiK2poCtPOJts49H2Y58FZ5kVQ&oh=45423ef05b886cab6003b33c86524f15&oe=5B6083ED' width='228' height='182' alt='Revela-T OFF BCN 2018 ""Transe√∫ntes""' />Transe√∫ntes<br /><br />¬øQue impronta nos dejan las vivencias que hemos experimentado a lo largo de nuestro devenir? ¬øComo se reflejan √©stas all√° donde vamos, donde posamos la mirada? Experiencias que nos marcan, que esculpen nuestro ser. Cinco artistas nos relatan, cada uno de ellos fiel a su estilo y narrativa, el transcurso de un viaje que es a la vez geogr√°fico e introspectivo. Peque√±as odiseas personales que transforman la concepci√≥n y percepci√≥n que tenemos del mundo, un mundo que sigue su curso, impasible a nuestra metamorfosis interior. Inconsciente como es de nuestro deambular, de nuestro caminar, porque para √©l solo estamos de paso, porque para √©l solo somos transe√∫ntes.<br /><br />Durante el mes de Mayo y colaborando con el festival analogico Revela-T, tendremos en nuestra galeria la exposici√≥n colectiva de 5 de nuestros artistas en formato anal√≥gico: <br /><br />Israel Ari√±o  ‚ÄúCr√≥nicas de un desembarco‚Äù  <br />Irene Cruz ‚ÄúBj√∂rk‚Äù<br />Cesar Ordo√±ez ‚ÄúTadaima‚Äù<br />Bernat Garc√≠a Chamorro ‚ÄúEl Camino‚Äù<br />Dani Garcia Sarabia ""Usa'90""</p>","https://scontent-mad1-1.xx.fbcdn.net/v/t1.0-0/p235x350/30412665_2151560025089941_6582672218414754818_n.jpg?_nc_cat=0&_nc_eui2=v1%3AAeF6abGvnR79aMa2lfcT2kmLpC6Yio-aOWvtSiS1ejo75wWatIzP1y82N9MRybSafMf9E8o1q9cgExXpk-elBiK2poCtPOJts49H2Y58FZ5kVQ&oh=45423ef05b886cab6003b33c86524f15&oe=5B6083ED"
"Eat.Art : Public Tour & Dinner","Galeria Artevistas","Delhicioso","0/2018/2018","","","",1,"","","https://www.facebook.com/events/1698561296902620/",1,1,"<p><img src='http://scontent-mad1-1.xx.fbcdn.net/v/t15.0-10/s526x296/27862901_442231002878415_1790831908792303616_n.jpg?_nc_cat=0&_nc_eui2=v1%3AAeHp2I0pDi5ss48wH2J8eAlASrnEQP5teSHA1x_KBanVM8-EBdA23V67SAStKygaGwKyEIalJ-HSNC8Z97-d1089Ald2mg95xgF5fSMnDHIXyw&oh=1249bddeb1253d9a75bd064d1c7acd64&oe=5B5AEC52' width='228' height='182' alt='Eat.Art : Public Tour & Dinner' />Art is a feast for the eyes ‚ú® <br />But did you know that you could truly eat and taste art?<br /><br />Eat.Art is a brand new, innovative dining experience in Barcelona, combining local art with local culinary skills to create an evening to remember!<br /><br />What does the evening look like?<br /><br />1Ô∏è‚É£Ô∏è Starting with an art tour of the city, you‚Äôll learn about local artists and visit some of Barcelona‚Äôs best contemporary galleries. 2Ô∏è‚É£Ô∏è You‚Äôll then head to a hidden art spot where you‚Äôll enjoy a four-course, fine dining menu and drinks prepared by professional chefs in front of you.<br /><br />The best part?<br />Each course on the menu is designed and inspired by artwork that was born in this city, specially crafted for the occasion in collaboration with the talented chefs from Delhicioso! üñåÔ∏è<br /><br />___________<br /><br />TEASER MENU<br /><br />üîπAppetizer <br />Inspired by Dal√≠<br /><br />Quail‚Äôs egg with savoury fennel custard, raw beetroot, crispy pancetta, steamed mussels, orange jelly, and truffle oil                                                                                                                      <br /><br />üîπMain<br />Inspired by Chillida<br /> <br />Tea and pepper pork or tofu, with creamy nutmeg mashed potatoes, sesame mousse, and parsnip crisps <br /><br />üîπDessert <br />Inspired by Konair Onergizer, local street artist<br /><br />Triple-layered walnut brownie and raspberry mousse in a milk bath, topped with fresh raspberries<br /><br />________<br /><br />Want to see the full menu? Visit www.eatartevents.com, or come and try it yourself!<br /><br />For the full experience, join us at Galeria Artevistas for the art tour hosted by Artspace Tours, before ending up in a delightful gallery on a windy street in the Born area. <br /><br />There, you will be wined and dined in a truly unforgettable way, reminding us that ‚ú® chefs are artists too‚ú® , and really giving you a true 'taster' of local culture! <br /><br /><br />‚û°Ô∏è Included in ticket ‚Äì Art tour + four-course dinner + cava and wine! ü•Ç</p>","https://scontent-mad1-1.xx.fbcdn.net/v/t15.0-10/s526x296/27862901_442231002878415_1790831908792303616_n.jpg?_nc_cat=0&_nc_eui2=v1%3AAeHp2I0pDi5ss48wH2J8eAlASrnEQP5teSHA1x_KBanVM8-EBdA23V67SAStKygaGwKyEIalJ-HSNC8Z97-d1089Ald2mg95xgF5fSMnDHIXyw&oh=1249bddeb1253d9a75bd064d1c7acd64&oe=5B5AEC52"
"Inauguraci√≥ ""Mostra d'alumnes dels tallers fotogr√†fics""","Centre C√≠vic Can Bast√©","Espai Fotografic Can Bast√©","0/2018/2018","","","",1,"","","https://www.facebook.com/events/1484106648379523/",1,1,"<p><img src='http://scontent-mad1-1.xx.fbcdn.net/v/t1.0-0/p235x350/30743035_1356590914441451_8722817268070744064_n.jpg?_nc_cat=0&_nc_eui2=v1%3AAeFy1wKwbbAh6wj_KZ8OFf038snZmu_yNYZVnMIQLvlFTueE6elZv-lKOvTzFLubact1BecT3D5fNagTkDmo2FELiiOG-jnDV-S-_GdZ3MLzTA&oh=018294fb82cd96b53cb841c7ce2ac790&oe=5B6CE571' width='228' height='182' alt='Inauguraci√≥ ""Mostra d'alumnes dels tallers fotogr√†fics""' />Exposici√≥ col¬∑lectiva<br />Del 26 d‚Äôabril al 26 de maig de 2018 // VEST√çBUL<br />Inauguraci√≥: dijous 26 d‚Äôabril a les 20 h<br /><br />Us presentem una selecci√≥ del tot el que s‚Äôha treballat als tallers de fotografia, des dels grups d‚Äôiniciaci√≥ als tallers especialitzats durant el trimestre d¬¥hivern 18.<br />En aquesta ocasi√≥ els/les alumnes seran els protagonistes i volem recon√®ixer tamb√© la feina i el suport dels professors/es per animar-vos a mostrar les vostres fotografies.<br /><br />Eva Parey, Guillem Valle, Edgar Dos Santos, Mingo Venero, Pichi Merc√® Sellar√©s, #JovanHorvath, Ariadna Creus,  Ramon Cugat - Fot√≤graf, Enric Manonelles, N√∫ria L√≥pez Torres, Miki Bosch<br /><br />#noubarris  #fotografia  #fotobcn Nou Barris  Centres C√≠vics de Barcelona</p>","https://scontent-mad1-1.xx.fbcdn.net/v/t1.0-0/p235x350/30743035_1356590914441451_8722817268070744064_n.jpg?_nc_cat=0&_nc_eui2=v1%3AAeFy1wKwbbAh6wj_KZ8OFf038snZmu_yNYZVnMIQLvlFTueE6elZv-lKOvTzFLubact1BecT3D5fNagTkDmo2FELiiOG-jnDV-S-_GdZ3MLzTA&oh=018294fb82cd96b53cb841c7ce2ac790&oe=5B6CE571"
"Desfile de Piedad Rodr√≠guez en El Palauet","El Palauet Living Barcelona","El Palauet Living Barcelona","0/2018/2018","","","",1,"","","https://www.facebook.com/events/235193090559597/",1,1,"<p><img src='http://scontent-mad1-1.xx.fbcdn.net/v/t1.0-0/p280x280/30704028_1749102711817834_5320912769719992320_n.jpg?_nc_cat=0&_nc_eui2=v1%3AAeEcrJOL75pdL6vRgCzU_wWzr4K7FDZUTW1d47fs8wE3VZ_PWAbJIXB-v_IzdkF4tJ_6koQMpyaZBogyg329EgC4eJTOhvpLYhVyvsB5JeF9zA&oh=ec0e35abaab02d32588b12d25b3d37fa&oe=5B75479F' width='228' height='182' alt='Desfile de Piedad Rodr√≠guez en El Palauet' />Con motivo de la Bridal Week, El Palauet Living Barcelona se viste de blanco gracias a los dise√±os de Alta Costura de Piedad Rodr√≠guez.<br /><br />Te invitamos al evento de la semana, donde exclusividad, lujo y modernismo, se unir√°n para dar lugar a un desfile √∫nico.<br /><br />El Palauet es un emblem√°tico edificio modernista en Paseo de Gracia.En esta ocasi√≥n, ser√° la Planta Noble, con sus ornamentos de madera tallada la que acoja el desfile de Piedad Rodr√≠guez donde exhibir√° tanto vestidos de fiesta como de boda.<br />Piedad Rodr√≠guez, dise√±adora de alta costura, cuenta con m√°s de 25 a√±os en el mundo de la moda.<br /><br />PROGRAMA<br />18.30 Copa de bienvenida<br />19.00 Desfile de Piedad Rodr√≠guez<br />20.00 #AfterwokEP, como cada jueves, el bar de El Palauet abrir√° para que disfrutes del mejor ambiente.<br />Para registrarte y recibir tu c√≥digo de acceso secreto:<br /><br />El proceso es muy simple: tan s√≥lo tendr√°s que completar las casillas de nombre y apellido as√≠ como el email.<br />Y recuerda, que si traes acompa√±antes, tambi√©n deber√°s registrarlos haciendo click en el + que aparece en la pantalla de registro.<br />Se te enviar√° un mail de confirmaci√≥n con un c√≥digo que deber√°s usar en la puerta para acceder.<br /><br />S√≥lo las personas con c√≥digo podr√°n acceder.<br /><br />El periodo de registro comenzar√° el viernes 20 de abril hasta completar aforo.<br />¬°Te esperamos!</p>","https://scontent-mad1-1.xx.fbcdn.net/v/t1.0-0/p280x280/30704028_1749102711817834_5320912769719992320_n.jpg?_nc_cat=0&_nc_eui2=v1%3AAeEcrJOL75pdL6vRgCzU_wWzr4K7FDZUTW1d47fs8wE3VZ_PWAbJIXB-v_IzdkF4tJ_6koQMpyaZBogyg329EgC4eJTOhvpLYhVyvsB5JeF9zA&oh=ec0e35abaab02d32588b12d25b3d37fa&oe=5B75479F"
"Inauguraci√≥: ""A Sense of Wonder. Carles Congost""","Fabra i Coats. Centre d'Art Contemporani","Fabra i Coats. Centre d'Art Contemporani","0/2018/2018","","","",1,"","","https://www.facebook.com/events/218237352262952/",1,1,"<p><img src='http://scontent-mad1-1.xx.fbcdn.net/v/t1.0-0/s526x296/30738564_1016251425194296_7760017044385814480_n.jpg?_nc_cat=0&_nc_eui2=v1%3AAeEPzvoNLLCFiy7QN7AEQPoKqN2fU22zRudEbtT4PrGBZEK1LYdsKZa-2HaS3l7mzrLtEQrMKhqOEKtwP16GE9U9AGyWhCXbr42T2rgv3KkGeQ&oh=9a9db5e175ebaae1c4cdec6331420f39&oe=5B61EF64' width='228' height='182' alt='Inauguraci√≥: ""A Sense of Wonder. Carles Congost""' />A sense of wonder √©s una proposta expositiva que reuneix els projectes m√©s recents de l‚Äôartista Carles Congost. Es tracta de treballs en v√≠deo que es poden interpretar individualment per√≤ que mantenen moltes connexions tem√†tiques habituals en la seva pr√†ctica art√≠stica (la m√∫sica, el m√≥n de l‚Äôart, la cultura pop...) o en la manera de formalitzar-la (l‚Äôacurada posada en escena i el sentit de l‚Äôhumor). <br /><br /><br />Del 27 d'abril al 22 de juliol<br />3¬™ planta<br />Entrada gratu√Øta<br />Visites guiades tots els dissabtes a les 18h i els diumenges a les 12.30h</p>","https://scontent-mad1-1.xx.fbcdn.net/v/t1.0-0/s526x296/30738564_1016251425194296_7760017044385814480_n.jpg?_nc_cat=0&_nc_eui2=v1%3AAeEPzvoNLLCFiy7QN7AEQPoKqN2fU22zRudEbtT4PrGBZEK1LYdsKZa-2HaS3l7mzrLtEQrMKhqOEKtwP16GE9U9AGyWhCXbr42T2rgv3KkGeQ&oh=9a9db5e175ebaae1c4cdec6331420f39&oe=5B61EF64"
"II Festival de Collage de Barcelona","MAY4vie19:00","Societat Barcelonina de Collage","0/2018/2018","","","",1,"","","https://www.facebook.com/events/1300525546757999/",1,1,"<p><img src='http://scontent-mad1-1.xx.fbcdn.net/v/t1.0-9/30713797_831999386985501_7890479250083433415_n.jpg?_nc_cat=0&_nc_eui2=v1%3AAeFcu2TsMeigOS86Tc2TwH_-Pd-esJsFd65x_8BZraWNXC1TTNuJjOLdQmB_5PMSyNtq6tMjilpWgwQGV0EVyER8ktjgE33Ic0wNtjHVxHYuHw&oh=ce5a1c6515662da3a88a6bd17086dc7d&oe=5B5C8D2D' width='228' height='182' alt='II Festival de Collage de Barcelona' />Queridos amigos ‚Äúcollageros‚Äù, desde la Societat Barcelonina de collage tenemos el placer de anunciaros que ya est√° de vuelta el Festival de collage de Barcelona en su segunda edici√≥n!!!!<br />Si el a√±o pasado est√°bamos emocionados, √©ste a√∫n m√°s!!!<br />El Festival se celebrar√° del 4 al 21 de Mayo, y a diferencia del a√±o pasado, tendremos dos espacios en vez de uno, ‚ÄúLas cosas de Martinez‚Äù, y ‚ÄúVisions‚Äù, una galer√≠a y una escuela de ilustraci√≥n ambas en al barrio de Gracia.<br />M√°s abajo ten√©is el programa detallado, pero ya os adelantamos que tendremos expo colectiva con muchos de vosotros como participantes,( el a√±o que viene m√°s‚Ä¶), talleres, charlas, La Marat√≥n de Collage de 12 horas, y el Campeonato del Mundo de Collage.<br />Os esperamos a todos con las tijeras abiertas!!!<br />Salut i Culaix!!!!<br /><br />PROGRAMA<br /><br />VIERNES, 4 DE MAYO<br />Exposici√≥n colectiva PuroCollage <br />Inauguraci√≥n viernes 4 a las 20 horas<br />del 4 al 21 de mayo<br />En la Galer√≠a Las Cosas de Mart√≠nez<br />http://www.lascosasdemartinez.com/<br />C/ del Diluvi, 5, 08012 Barcelona<br /><br />S√ÅBADO, 5 DE MAYO<br /><br />Los talleres se impartir√°n en la Galer√≠a Visions<br />http://www.bcn-visions.com/<br />C/ Igualada 4 08012 Barcelona<br /><br />10-12 h. COLLAGE Y PUNTO<br />Taller impartido por Albert Roca<br />El collage es una disciplina art√≠stica tan libre que no √∫nicamente el papel puede utilizarse.<br />En este taller propondremos integrar con el papel elementos de tejidos variados para conseguir otras texturas y resultados sorprendentes en tus collages.<br /><br />12-14 h. COLLAGE Y CHAPA<br />Taller impartido por Beatriz Alarc√≠a y Tita Berasategui<br />Dise√±a tus propias chapas con aguja de una manera sencilla y divertida.<br />Im√°genes y palabras que combinar√°n a tu gusto.<br />Crear√°s un recuerdo original y personal.<br />Te invitamos a crear peque√±os mundos redondos, para llev√°rtelos como accesorio en tus prendas.<br /><br />16-18 h. CHARLA + TALLER<br />Charla impartida por Rebeka Elizegi. ‚ÄúCollage, lenguajes h√≠bridos‚Äù <br />Rebeka nos explicar√° cu√°l es su m√©todo de trabajo y algunas de sus claves a la hora de afrontar propuestas profesionales, encargos‚Ä¶. C√≥mo enfoca su proceso de creaci√≥n y de qu√© fuentes bebe para encontrar la inspiraci√≥n.<br />En definitiva, tratar√° de acercarnos a su mundo de creaci√≥n para generar un di√°logo.<br />Al final de la charla haremos un taller basado en algunas de las respuestas‚Ä¶.o preguntas que nos hayan surgido en la charla.<br /><br />DOMINGO, 6 DE MAYO<br /><br />10-14 h. MICROCOLLAGE<br />Taller impartido por Santi Gonz√°lez y Luc√≠a Soto<br />Este taller est√° dirigido a personas, con o sin formaci√≥n art√≠stica, que quieran explorar las posibilidades del Collage desde una perspectiva diferente, con resultados de calidad y originales.<br /><br />En este taller trabajaremos el Collage de peque√±o formato en diferentes soportes con el fin de ver posibles aplicaciones m√°s all√° del papel y las dos dimensiones..<br /><br />Se plantear√°n tres ejercicios, uno para cada hora.<br />Cada uno de los ejercicios se llevar√° a cabo sobre un soporte distinto y en base a unas pautas determinadas, que pueden incluir la propuesta de un tema concreto.<br /><br />S√ÅBADO, 12 DE MAYO<br /><br />De 10 a 22 h. MARAT√ìN DE COLLAGE y CAMPEONATO MUNDIAL DE COLLAGE<br /><br />Apertura a las 10 h. <br />Propondremos diversos ejercicios durante la ma√±ana.<br />A las 14 h. parada para comer, tenemos reservado un restaurante Gallego de los ‚Äúde siempre‚Äù, econ√≥mico y casero, de men√∫. Imprescindible confirmar!!!<br />A las 16 h.  Contin√∫a el taller de collage.<br />De 17 a 19 h. Campeonato y entrega de premios<br />A partir de ah√≠, m√°s collage, hasta que el cuerpo aguante o nos echen!!!! collagea o muere!<br /><br />La inscripci√≥n da derecho a la asistencia,12 horas de Marat√≥n + la participaci√≥n en el Quinto Campeonato Mundial de Collage,  si te apetece. <br /><br />EN TODOS LOS TALLERES:<br />Est√°n incluidos materiales y diferentes soportes que se vayan a usar. <br />Se recomienda que cada uno traiga sus tijeras/cutter y pegamento.<br /><br /><br />PRECIOS<br /><br />TALLERES: 25‚Ç¨  -ma√±ana o tarde-<br />PACK 2 TALLERES: 40‚Ç¨<br />CHARLA + TALLER: 25‚Ç¨<br />MARAT√ìN + CAMPEONATO: 35‚Ç¨<br />PACK TODO EL FESTIVAL: 70‚Ç¨<br /><br />El importe ha de abonarse en la siguiente cuenta, indicando tu nombre y el del/de los taller/eres que quieres hacer<br />y nos env√≠as el comprobante a este mismo mail.<br /><br />ES03-2100-5879-6102-0000-2570<br /><br />Para cualquier duda pod√©is llamar al 695 718 098.(Santi).</p>","https://scontent-mad1-1.xx.fbcdn.net/v/t1.0-9/30713797_831999386985501_7890479250083433415_n.jpg?_nc_cat=0&_nc_eui2=v1%3AAeFcu2TsMeigOS86Tc2TwH_-Pd-esJsFd65x_8BZraWNXC1TTNuJjOLdQmB_5PMSyNtq6tMjilpWgwQGV0EVyER8ktjgE33Ic0wNtjHVxHYuHw&oh=ce5a1c6515662da3a88a6bd17086dc7d&oe=5B5C8D2D"
"Di55eccions con Anna Puigjaner (MAIO)","LCI Barcelona - Felicidad Duce","LCI Barcelona - Felicidad Duce","0/2018/2018","","","",1,"","","https://www.facebook.com/events/1553059364791477/",1,1,"<p><img src='http://scontent-mad1-1.xx.fbcdn.net/v/t1.0-0/s526x296/30531171_10156174749106163_7458283466249994240_n.jpg?_nc_cat=0&_nc_eui2=v1%3AAeELf4RVtg2MjstrEGIhidTJpLxxEUluPt3whbPyPFb8J0UWk4eJ9_SYZy2WNzhmx2EnVeu5VaSMatad8V67DbvYKERM2LuMw6pUNsaanCoW8g&oh=bd8fc2448adf9dc76799dc1153a20350&oe=5B545114' width='228' height='182' alt='Di55eccions con Anna Puigjaner (MAIO)' />La nueva ponente de nuestro ciclo es Anna Puigjaner, arquitecta, investigadora, editora y cofundadora del estudio MAIO, Premio FAD 2016 por el montaje de la exposici√≥n ""Especies de espacios"" en el MACBA y nominado a los EUMiesAward 2017 por ""110 habitaciones"". En 2016 Anna obtuvo el prestigioso Wheelwright Prize de la Harvard Graduate School of Design por su proyecto ""Kitchenless City: Architectural Systems for Social Welfare"".<br /><br />La entrada al evento es libre y limitada al aforo de la sala, por lo que es necesario confirmar asistencia previa en http://bit.ly/DI55ECCIONS_MAIO. ¬°No te lo pierdas!<br /><br />#FromDreamersToMakers #MakeItHappen #ThisIsForTheDesigners #DI55ECCIONS</p>","https://scontent-mad1-1.xx.fbcdn.net/v/t1.0-0/s526x296/30531171_10156174749106163_7458283466249994240_n.jpg?_nc_cat=0&_nc_eui2=v1%3AAeELf4RVtg2MjstrEGIhidTJpLxxEUluPt3whbPyPFb8J0UWk4eJ9_SYZy2WNzhmx2EnVeu5VaSMatad8V67DbvYKERM2LuMw6pUNsaanCoW8g&oh=bd8fc2448adf9dc76799dc1153a20350&oe=5B545114"
"Inauguraci√≥ ‚ÄúTwentysix Abandoned Catalan Gasoline Stations‚Äù","Centre C√≠vic Can Bast√©","Espai Fotografic Can Bast√©","0/2018/2018","","","",1,"","","https://www.facebook.com/events/243833202830011/",1,1,"<p><img src='http://scontent-mad1-1.xx.fbcdn.net/v/t1.0-0/p526x296/30726282_1356596977774178_2288354658298626048_n.jpg?_nc_cat=0&_nc_eui2=v1%3AAeH-k-Wo8E10FBbeNv2YCfpi0NVKcGWlXwGoRoNa6_bgEMAwopjaANPmE9tKLRcpwo51AjBobvZgFz8sX50nzpbxadKtLlsR7-Q2msoz8SuijQ&oh=7976e4301dcf74c1b6c58d81a95159b8&oe=5B66D7C6' width='228' height='182' alt='Inauguraci√≥ ‚ÄúTwentysix Abandoned Catalan Gasoline Stations‚Äù' />‚ÄúTwentysix Abandoned Catalan Gasoline Stations‚Äù de Xavier Aragon√®s Garcia<br />Del 26 d‚Äôabril al 9 de juny de 2018 // SALA GOLFES<br />Inauguraci√≥: dijous 26 d‚Äôabril a les 20 h<br /><br />Basat en el particular treball del llibre d‚ÄôEd Ruscha ‚ÄúTwentysix Gasoline Stations‚Äù. El resultat √©s una s√®rie de 26 fotografies que tornen a la vida la major part de les estacions de benzina que resten abandonades a Catalunya. Aquesta exposici√≥ est√† emmarcada dintre del Revela-T OFF de Vilassar de Dalt dedicat a la fotografia anal√≤gica.<br /><br />+info: espaifotograficcanbaste.wordpress.com/<br />revela-t.cat/2018/<br /><br />#fotoanalogica  #fotobcn  #noubarris  Nou Barris  Centres C√≠vics de Barcelona  #revelat  #vilassardedalt  #expo  #analog</p>","https://scontent-mad1-1.xx.fbcdn.net/v/t1.0-0/p526x296/30726282_1356596977774178_2288354658298626048_n.jpg?_nc_cat=0&_nc_eui2=v1%3AAeH-k-Wo8E10FBbeNv2YCfpi0NVKcGWlXwGoRoNa6_bgEMAwopjaANPmE9tKLRcpwo51AjBobvZgFz8sX50nzpbxadKtLlsR7-Q2msoz8SuijQ&oh=7976e4301dcf74c1b6c58d81a95159b8&oe=5B66D7C6"
"Art Lover Solo w/ Waldemar Ramos, Music by Wide Mike","La Bombilla","Waldemar RAmos","0/2018/2018","","","",1,"","","https://www.facebook.com/events/158069391533671/",1,1,"<p><img src='http://scontent-mad1-1.xx.fbcdn.net/v/t1.0-0/q82/s526x296/29694380_1341146009319349_9031268348736610072_n.jpg?_nc_cat=0&_nc_eui2=v1%3AAeGN4F9NxVRC6dLI9A7HoLhTbG8CE46qI4lLpWlC2ufjucwDaxDBIpHMRBPk5uZCKILs4nS12vQZTuzR00HIg3Bqrubf7CseQ_opyhLBqKex5Q&oh=fe135c9829073c816e0617f28817cde3&oe=5B75143F' width='228' height='182' alt='Art Lover Solo w/ Waldemar Ramos, Music by Wide Mike' />Every month Art Lover Ground introduces you to the most talented artists who took part to its main event in Barcelona, Madrid and London! This April we will receive the collagist Waldemar RAmos<br /><br />Join us on Thursday, 26th of April from 6PM to 10PM at La Bombilla (Carrer de Manso, 13, 08015 Barcelona) for the Vernissage with the artists and enjoy a live acoustic concert by the artist Wide Mike.<br /><br />Ongoing collage exhibition for 3 weeks at La Bombilla with the possibility of purchasing the art-pieces from the artist.<br /><br />Address: Carrer de Manso, 13, 08015 Barcelona<br />When? Thursday, 26th of April from 6PM to 10PM<br /><br />Special Priced Menus and Limited Edition Cocktail *The Art Lover Cocktail* will be served during the vernissage!<br /><br />(Free Entrance)<br /><br /><br />‚ñº ‚ñº ‚ñº Music by Wide Mike ‚ñº ‚ñº<br /><br />Wide Mike is 26 years old Tanjawi guitar player and singer.<br />He was influenced by many great bands and artists such as Dire Straits, Bob Dylan, Cat Stevens, Joe Cocker, Pink Floyd and more..<br />Since he comes from an African country, Wide Mike tries to Fusion between Gnawa Music using a ‚ÄúGuembri‚Äù and American Rock, Blues.<br /><br />Wide Mike recorded some covers at the Lazywall Studio and now working on his originals. He serenades his songs with an Electro-acoustic handcrafted guitar -Vanderson- made in u.s.a<br /><br />‚ñº ‚ñº ‚ñº Artist: Waldemar RAmos ‚ñº ‚ñº ‚ñº<br /><br />Waldemar Ramos is a collage artist, photographer and filmmaker from Brazil.<br />His work shows a perspective of the world through surrealistic images and social critics that instigate the viewer to travel around themes as the environment, gender equality, sci-fi and religion.<br />He sees the collage as a way to recycle images given them a different meaning and pass a message in a way that the public could think about the social issues while also appreciate the nonsense in his work. His influence pass by sci-fi and horror movies, social agendas and psychedelic music.<br /><br /><br /><br /><br />‚ñº ‚ñº ‚ñº Venue: La Bombilla ‚ñº ‚ñº ‚ñº<br /><br />Address: Carrer de Manso, 13, 08015 Barcelona<br />La Bombilla is a winery and cheese bar. Here you can find a great selections of signature cocktails, wines, French cheese, charcuteries and beers in the Sant Antoni neighbourhood in the heart of Barcelona.<br /><br /><br />For further information, contact us at info@artloverground.com</p>","https://scontent-mad1-1.xx.fbcdn.net/v/t1.0-0/q82/s526x296/29694380_1341146009319349_9031268348736610072_n.jpg?_nc_cat=0&_nc_eui2=v1%3AAeGN4F9NxVRC6dLI9A7HoLhTbG8CE46qI4lLpWlC2ufjucwDaxDBIpHMRBPk5uZCKILs4nS12vQZTuzR00HIg3Bqrubf7CseQ_opyhLBqKex5Q&oh=fe135c9829073c816e0617f28817cde3&oe=5B75143F"